{"cameraMode":{"drawMode":0,"name":"Shaded","section":"Shading Mode"},"sceneLighting":false,"audioPlay":false,"sceneViewState":{"m_AlwaysRefresh":false,"showFog":true,"showSkybox":false,"showFlares":true,"showImageEffects":true,"showParticleSystems":true,"showVisualEffectGraphs":true,"m_FxEnabled":true},"in2DMode":false,"pivot":{"x":-0.5344477891921997,"y":0.5777531862258911,"z":20.221145629882814},"rotation":{"x":-0.4457235038280487,"y":0.03275497257709503,"z":-0.016308017075061799,"w":-0.8944384455680847},"size":2.655534267425537,"orthographic":true}