{"cameraMode":{"drawMode":0,"name":"Shaded","section":"Shading Mode"},"sceneLighting":false,"audioPlay":false,"sceneViewState":{"m_AlwaysRefresh":false,"showFog":true,"showSkybox":false,"showFlares":true,"showImageEffects":true,"showParticleSystems":true,"showVisualEffectGraphs":true,"m_FxEnabled":true},"in2DMode":false,"pivot":{"x":981.0043334960938,"y":527.2864990234375,"z":-10.601415634155274},"rotation":{"x":0.0056344615295529369,"y":-0.14142528176307679,"z":-0.0008029032615013421,"w":-0.9899424910545349},"size":747.6714477539063,"orthographic":true}